Index,frame,character,Japanese Line,English Translation,tags,KS Line #
1,EV46a,akane,こんなのやだぁ……離してよぉ……,I don’t want this… let me go…,"['resist', 'fear', 'beg', 'restrained']",38
2,EV46a,akane,せ……先生……もう、やめにして……ね？,S-Sensei… please… let’s stop… okay?,"['beg', 'fear', 'overwhelm', 'shame', 'wavering']",58
3,EV46a,aoi,いやっ……あ、あんっ……んぅ……くぅぅ……やっ……うあっ……,No… ah… ahn… nngh… kuh… nooo…,"['resist', 'forced_moan', 'fear', 'overwhelm']",75
4,EV46a,aoi,あ……うぁ……んぅ……く、あ……,Ah… uhh… nn… kuh… ah…,"['forced_moan', 'overwhelm', 'tense']",90
5,EV46a,mia,こんな事して何になるっていうの。力を合わせて戦えるって思ってたのに……,"What’s the point of doing this to us…? I thought if we worked together, we could fight back…","['disillusionment', 'betrayal', 'helplessness']",110
6,EV46a,akane,はっ……あ、あ……は、あぁ……,Hah… ah… ah… ahhh…,"['forced_moan', 'fear', 'shame', 'conflicted', 'involuntary_response']",110
7,EV46a,mia,バカバカバカ！　せんせー！　いつものせんせーに戻ってよぉ！　ひぁ！？　そ、そこダメだってばぁっ！,"Idiot, idiot, idiot! Sensei! Please go back to the way you were! Hyaah!? N-not there, I said no!","['beg', 'betrayal', 'resist', 'forced_moan', 'fear']",162
8,EV46a,aoi,ふ、うぅっ、あ、ぅ……ん、あ……はぁっ……ふ……っ,"Hah, ngh… ah… mm… haah… fuh…","['forced_moan', 'stimulation', 'overwhelm']",173
9,EV46a,mia,何よぉ！　そんな事言うせんせーなんて、嫌いッ！,What the hell! A Sensei who’d say something like that—I hate you!,"['anger', 'betrayal', 'shame', 'emotional_outburst']",205
10,EV46a,aoi,見ないで……こんな……やぁああ！　やだっ！　やだぁぁ,Don’t look… not like this… kyaaaah! No! Nooooo!,"['shame', 'fear', 'resist', 'cry']",221
11,EV46a,mia,あっあっ！　あっ！！　そんな所ダメ！　太もも、やだぁ！　やっ、やあぁあっ！　ゾワゾワしちゃううっ！,Ah! Ah!! N-not there! My thighs—no! Stop—nooo! It’s making me all tingly!,"['fear', 'forced_moan', 'resist', 'involuntary_response', 'stimulation']",229
