OldName,NewName
神聖昂燐アルカナルージュDL版-Readme.txt,Readme_ArkanaRougeDL.txt
茜ちゃんの先生看病にっき.ogg,Akane_NurseDiary.ogg
茜ちゃんの先生看病にっき.wav,Akane_NurseDiary.wav
茜ちゃんの先生看病にっき（音声のみ版）.ogg,Akane_NurseDiary_AudioOnly.ogg
茜ちゃんの先生看病にっき（音声のみ版）.wav,Akane_NurseDiary_AudioOnly.wav
薄目.png,HalfOpenEyes.png
薄目w.png,HalfOpenEyes_w.png
バッチ体験版ev.txt,Patch_DemoEvent.txt
quickload演出.png,QuickloadEffect.png
quicksave演出.png,QuicksaveEffect.png
vernum_ドット.png,vernum_Dot.png
インライン画像_heart.png,InlineImage_Heart.png
光白.png,LightWhite.png
光黒.png,LightBlack.png
b_std_time_火.png,b_std_time_Fire.png
b_std_time_炎.png,b_std_time_Flame.png
イメージクロスα上から.png,ImageCrossAlpha_Top.png
イメージクロスα下から.png,ImageCrossAlpha_Bottom.png
イメージクロスα右から.png,ImageCrossAlpha_Right.png
イメージクロスα左から.png,ImageCrossAlpha_Left.png
左上から.png,FromUpperLeft.png
macro08_std_mob_ch05主人公.ks,macro08_std_mob_ch05Hero.ks
macro08_std_mob_ch06カクエン.ks,macro08_std_mob_ch06Kakuen.ks
macro08_std_mob_ch07ミズチ.ks,macro08_std_mob_ch07Mizuchi.ks
macro08_std_mob_ch08ショウジョウ.ks,macro08_std_mob_ch08Shoujou.ks
macro08_std_mob_ch09下級冥魔Ａ.ks,macro08_std_mob_ch09LesserDarkA.ks
macro08_std_mob_ch10下級冥魔Ｂ.ks,macro08_std_mob_ch10LesserDarkB.ks
macro08_std_mob_ch11藍.ks,macro08_std_mob_ch11Ai.ks
_アルカナ専用マクロ.ks,_ArcanaMacro.ks
_技名マクロ.ks,_SkillNameMacro.ks
イクラティ.mpg,Ikurati.mpg
エクスプロージオン.mpg,Explosion.mpg
ジュジュモン.mpg,Jujumon.mpg
ソレイユ.mpg,Soleil.mpg
バリアント.mpg,Variant.mpg
バレ・ブルロント.mpg,BaleBullront.mpg
フレーム・サクリ.mpg,FlameSacre.mpg
ブークリエ.mpg,Bouclier.mpg
リュミエール.mpg,Lumiere.mpg
御霊水底御陵.mpg,SpiritTombRuins.mpg
滅殺暗晦冥闇撃.mpg,AnnihilationDarkStrike.mpg
絶対断絶弾劾迷宮.mpg,AbsoluteSeveranceMaze.mpg
se_sexパイズリ・手コキ2.ogg,se_sexPaizuri_Handjob2.ogg
se_sexパイズリ・手コキ3.ogg,se_sexPaizuri_Handjob3.ogg
se_sex潮吹き.ogg,se_sexSquirt.ogg
